<entities >
  <entity name="account" displayname="Account" etc="1" primaryidfield="accountid" primarynamefield="name" disableplugins="false">
    <fields>
      <field displayname="Account" name="accountid" type="guid" primaryKey="true" />
      <field displayname="Account Name" name="name" type="string" />
      <field displayname="Account Number" name="accountnumber" type="string" />
      <field displayname="Address 1: City" name="address1_city" type="string" />
      <field displayname="Address 1: Country/Region" name="address1_country" type="string" />
      <field displayname="Address 1: County" name="address1_county" type="string" />
      <field displayname="Address 1: Latitude" name="address1_latitude" type="float" />
      <field displayname="Address 1: Longitude" name="address1_longitude" type="float" />
      <field displayname="Address 1: State/Province" name="address1_stateorprovince" type="string" />
      <field displayname="Address 1: Street 1" name="address1_line1" type="string" />
      <field displayname="Address 1: ZIP/Postal Code" name="address1_postalcode" type="string" />
      <field displayname="AIB Account Effective On" name="aib_accounteffectiveon" type="datetime" customfield="true" />
      <field displayname="AIB Account Expired On" name="aib_accountexpiredon" type="datetime" customfield="true" />
      <field displayname="Annual Revenue" name="revenue" type="money" />
      <field displayname="Business Type" name="businesstypecode" type="optionsetvalue" />
      <field displayname="Currency" name="transactioncurrencyid" type="entityreference" lookupType="transactioncurrency" />
      <field displayname="Email" name="emailaddress1" type="string" />
      <field displayname="Status" name="statecode" type="state" />
      <field displayname="Status Reason" name="statuscode" type="status" />
    </fields>
    <relationships />
  </entity>
  <entity name="aib_account_d" displayname="AIB Account Dimension" etc="10054" primaryidfield="aib_account_did" primarynamefield="aib_name" disableplugins="false">
    <fields>
      <field displayname="Account" name="aib_accountid" type="entityreference" lookupType="account" customfield="true" />
      <field displayname="AIB Account Dimension" name="aib_account_did" type="guid" primaryKey="true" />
      <field displayname="Is Happy Customer" name="aib_ishappycustomer" type="optionsetvalue" customfield="true" />
      <field displayname="Name" name="aib_name" type="string" customfield="true" />
      <field displayname="Status" name="statecode" type="state" />
      <field displayname="Status Reason" name="statuscode" type="status" />
    </fields>
    <relationships />
  </entity>
  <entity name="aib_customerfeedback" displayname="AIB Customer Feedback" etc="10055" primaryidfield="aib_customerfeedbackid" primarynamefield="aib_feedbacknumber" disableplugins="false">
    <fields>
      <field displayname="Account" name="aib_accountid" type="string" customfield="true" />
      <field displayname="AIB Customer Feedback" name="aib_customerfeedbackid" type="guid" primaryKey="true" />
      <field displayname="Average Sentiment Negative Score" name="aib_averagesentimentnegativescore" type="decimal" customfield="true" />
      <field displayname="Average Sentiment Neutral Score" name="aib_averagesentimentneutralscore" type="decimal" customfield="true" />
      <field displayname="Average Sentiment Positive Score" name="aib_averagesentimentpositivescore" type="decimal" customfield="true" />
      <field displayname="Feedback" name="aib_feedback" type="string" customfield="true" />
      <field displayname="Feedback Number" name="aib_feedbacknumber" type="string" customfield="true" />
      <field displayname="Feedback Sentiment Negative Score" name="aib_feedbacksentimentnegativescore" type="decimal" customfield="true" />
      <field displayname="Feedback Sentiment Neutral Score" name="aib_feedbacksentimentneutralscore" type="decimal" customfield="true" />
      <field displayname="Feedback Sentiment Positive Score" name="aib_feedbacksentimentpositivescore" type="decimal" customfield="true" />
      <field displayname="Feedback TimeStamp" name="aib_feedbacktimestamp" type="datetime" customfield="true" />
      <field displayname="Overall Sentiment" name="aib_overallsentiment" type="decimal" customfield="true" />
      <field displayname="Status" name="statecode" type="state" />
      <field displayname="Status Reason" name="statuscode" type="status" />
      <field displayname="Subject" name="aib_subject" type="string" customfield="true" />
      <field displayname="Subject Sentiment Negative Score" name="aib_subjectsentimentnegativescore" type="decimal" customfield="true" />
      <field displayname="Subject Sentiment Neutral Score" name="aib_subjectsentimentneutralscore" type="decimal" customfield="true" />
      <field displayname="Subject Sentiment Positive Score" name="aib_subjectsentimentpositivescore" type="decimal" customfield="true" />
    </fields>
    <relationships />
  </entity>
  <entity name="aib_invoice" displayname="AIB Invoice" etc="10070" primaryidfield="aib_invoiceid" primarynamefield="aib_invoicenumber" disableplugins="false">
    <fields>
      <field displayname="Account" name="aib_accountid" type="string" customfield="true" />
      <field displayname="AIB Invoice" name="aib_invoiceid" type="guid" primaryKey="true" />
      <field displayname="Bill To Name" name="aib_billtoname" type="string" customfield="true" />
      <field displayname="Contract" name="aib_salesorderid" type="string" customfield="true" />
      <field displayname="Date Delivered" name="aib_datedelivered" type="datetime" customfield="true" />
      <field displayname="Due Date" name="aib_duedate" type="datetime" customfield="true" />
      <field displayname="Invoice Billed Date" name="aib_invoicebilleddate" type="datetime" customfield="true" />
      <field displayname="Invoice ID" name="aib_invoicenumber" type="string" customfield="true" />
      <field displayname="Invoice Paid Date" name="aib_invoicepaiddate" type="datetime" customfield="true" />
      <field displayname="Invoice Photo Url" name="aib_invoicephotourl" type="string" customfield="true" />
      <field displayname="Name" name="aib_name" type="string" customfield="true" />
      <field displayname="Status" name="statecode" type="state" />
      <field displayname="Status Reason" name="statuscode" type="status" />
      <field displayname="Total Amount" name="aib_totalamount" type="money" customfield="true" />
      <field displayname="Total Tax" name="aib_totaltax" type="money" customfield="true" />
    </fields>
    <relationships />
  </entity>
  <entity name="aib_order" displayname="AIB Order" etc="10058" primaryidfield="aib_orderid" primarynamefield="aib_ordernumber" disableplugins="false">
    <fields>
      <field displayname="Account" name="aib_accountid" type="string" customfield="true" />
      <field displayname="Acquisition Channel" name="aib_acquisitionchannel" type="string" customfield="true" />
      <field displayname="Days Since Previous Order" name="aib_dayssincepreviousorder" type="number" customfield="true" />
      <field displayname="Order" name="aib_orderid" type="guid" primaryKey="true" />
      <field displayname="Order Discount Amount" name="aib_discountamount" type="money" customfield="true" />
      <field displayname="Order Discount Percentage" name="aib_discountpercentage" type="decimal" customfield="true" />
      <field displayname="Order Number" name="aib_ordernumber" type="string" customfield="true" />
      <field displayname="Order Photo URL" name="aib_orderphotourl" type="string" customfield="true" />
      <field displayname="Promotion" name="aib_promotion" type="string" customfield="true" />
      <field displayname="Status" name="statecode" type="state" />
      <field displayname="Status Reason" name="statuscode" type="status" />
      <field displayname="Submitted Date" name="aib_submitdate" type="datetime" customfield="true" />
      <field displayname="Tax Rate" name="aib_taxrate" type="decimal" customfield="true" />
      <field displayname="Total Amount" name="aib_totalamount" type="money" customfield="true" />
      <field displayname="Total Initial Price Amount" name="aib_totalinitialpriceamount" type="money" customfield="true" />
      <field displayname="Total PreTax Amount" name="aib_totalpretaxamount" type="money" customfield="true" />
      <field displayname="Total Tax" name="aib_totaltax" type="money" customfield="true" />
    </fields>
    <relationships />
  </entity>
  <entity name="aib_orderproduct" displayname="AIB Order Product" etc="10064" primaryidfield="aib_orderproductid" primarynamefield="aib_productid" disableplugins="false">
    <fields>
      <field displayname="AIB Order Product" name="aib_orderproductid" type="guid" primaryKey="true" />
      <field displayname="Comment Sentiment Negative Score" name="aib_sentimentnegativescore" type="decimal" customfield="true" />
      <field displayname="Comment Sentiment Neutral Score" name="aib_sentimentneutralscore" type="decimal" customfield="true" />
      <field displayname="Comment Sentiment Positive Score" name="aib_sentimentpositivescore" type="decimal" customfield="true" />
      <field displayname="Customer Product Comment" name="aib_customerproductcomment" type="string" customfield="true" />
      <field displayname="Customer Product Rating" name="aib_customerproductrating" type="number" customfield="true" />
      <field displayname="Customer Product Rating TimeStamp" name="aib_customerproductratingtimestamp" type="datetime" customfield="true" />
      <field displayname="Days Since Previous Product Order" name="aib_dayssincepreviousproductorder" type="number" customfield="true" />
      <field displayname="Extended Amount" name="aib_extendedamount" type="money" customfield="true" />
      <field displayname="Line Item Number" name="aib_lineitemnumber" type="number" customfield="true" />
      <field displayname="Order" name="aib_orderid" type="entityreference" lookupType="aib_order" customfield="true" />
      <field displayname="Overall Sentiment" name="aib_overallsentiment" type="decimal" customfield="true" />
      <field displayname="Price Per Unit" name="aib_priceperunit" type="money" customfield="true" />
      <field displayname="Product" name="aib_productid" type="string" customfield="true" />
      <field displayname="Quantity" name="aib_quantity" type="decimal" customfield="true" />
      <field displayname="Status" name="statecode" type="state" />
      <field displayname="Status Reason" name="statuscode" type="status" />
    </fields>
    <relationships />
  </entity>
</entities>